Key_Dataset,Key_Run,Key_Fold,Key_Scheme,Key_Scheme_options,Key_Scheme_version_ID,Date_time,Number_correct,Number_missing,Number_spurious,Number_overlap,Strict_precision,Strict_recall,Strict_F1,Lenient_F1,Average_F1,Elapsed_Time_training,Elapsed_Time_testing
[start],1,1,ILP_config,accident,a,20110511_114719,4,1,0,0,1.0,0.8,0.888888888888889,0.888888888888889,0.888888888888889,253520,7388
[start],1,2,ILP_config,accident,a,20110511_114719,5,0,2,0,0.7142857142857143,1.0,0.8333333333333333,0.8333333333333333,0.8333333333333333,253520,7388
[start],1,3,ILP_config,accident,a,20110511_114719,4,0,1,0,0.8,1.0,0.888888888888889,0.888888888888889,0.888888888888889,253520,7388
[start],1,4,ILP_config,accident,a,20110511_114719,2,1,0,0,1.0,0.6666666666666666,0.8,0.8,0.8,253520,7388
[start],1,5,ILP_config,accident,a,20110511_114719,4,0,0,0,1.0,1.0,1.0,1.0,1.0,253520,7388
[start],1,6,ILP_config,accident,a,20110511_114719,3,0,0,0,1.0,1.0,1.0,1.0,1.0,253520,7388
[start],1,7,ILP_config,accident,a,20110511_114719,4,1,0,0,1.0,0.8,0.888888888888889,0.888888888888889,0.888888888888889,253520,7388
[start],1,8,ILP_config,accident,a,20110511_114719,5,0,2,0,0.7142857142857143,1.0,0.8333333333333333,0.8333333333333333,0.8333333333333333,253520,7388
[start],1,9,ILP_config,accident,a,20110511_114719,4,1,0,0,1.0,0.8,0.888888888888889,0.888888888888889,0.888888888888889,253520,7388
[start],1,10,ILP_config,accident,a,20110511_114719,3,0,0,0,1.0,1.0,1.0,1.0,1.0,253520,7388
[start],1,1,Paum,accident,a,20110511_114719,5,0,5,0,0.5,1.0,0.6666666666666666,0.6666666666666666,0.6666666666666666,20425,1947
[start],1,2,Paum,accident,a,20110511_114719,5,0,2,0,0.7142857142857143,1.0,0.8333333333333333,0.8333333333333333,0.8333333333333333,20425,1947
[start],1,3,Paum,accident,a,20110511_114719,4,0,4,0,0.5,1.0,0.6666666666666666,0.6666666666666666,0.6666666666666666,20425,1947
[start],1,4,Paum,accident,a,20110511_114719,3,0,1,0,0.75,1.0,0.8571428571428571,0.8571428571428571,0.8571428571428571,20425,1947
[start],1,5,Paum,accident,a,20110511_114719,4,0,0,0,1.0,1.0,1.0,1.0,1.0,20425,1947
[start],1,6,Paum,accident,a,20110511_114719,3,0,5,0,0.375,1.0,0.5454545454545454,0.5454545454545454,0.5454545454545454,20425,1947
[start],1,7,Paum,accident,a,20110511_114719,4,1,1,0,0.8,0.8,0.8000000000000002,0.8000000000000002,0.8000000000000002,20425,1947
[start],1,8,Paum,accident,a,20110511_114719,5,0,4,0,0.5555555555555556,1.0,0.7142857142857143,0.7142857142857143,0.7142857142857143,20425,1947
[start],1,9,Paum,accident,a,20110511_114719,5,0,1,0,0.8333333333333334,1.0,0.9090909090909091,0.9090909090909091,0.9090909090909091,20425,1947
[start],1,10,Paum,accident,a,20110511_114719,3,0,0,0,1.0,1.0,1.0,1.0,1.0,20425,1947
[start],2,1,ILP_config,accident,a,20110511_115521,3,2,0,0,1.0,0.6,0.7499999999999999,0.7499999999999999,0.7499999999999999,315915,7221
[start],2,2,ILP_config,accident,a,20110511_115521,5,0,1,0,0.8333333333333334,1.0,0.9090909090909091,0.9090909090909091,0.9090909090909091,315915,7221
[start],2,3,ILP_config,accident,a,20110511_115521,4,0,1,0,0.8,1.0,0.888888888888889,0.888888888888889,0.888888888888889,315915,7221
[start],2,4,ILP_config,accident,a,20110511_115521,4,1,0,0,1.0,0.8,0.888888888888889,0.888888888888889,0.888888888888889,315915,7221
[start],2,5,ILP_config,accident,a,20110511_115521,1,0,0,0,1.0,1.0,1.0,1.0,1.0,315915,7221
[start],2,6,ILP_config,accident,a,20110511_115521,4,0,0,0,1.0,1.0,1.0,1.0,1.0,315915,7221
[start],2,7,ILP_config,accident,a,20110511_115521,4,0,0,0,1.0,1.0,1.0,1.0,1.0,315915,7221
[start],2,8,ILP_config,accident,a,20110511_115521,4,0,1,0,0.8,1.0,0.888888888888889,0.888888888888889,0.888888888888889,315915,7221
[start],2,9,ILP_config,accident,a,20110511_115521,4,1,1,0,0.8,0.8,0.8000000000000002,0.8000000000000002,0.8000000000000002,315915,7221
[start],2,10,ILP_config,accident,a,20110511_115521,5,0,0,0,1.0,1.0,1.0,1.0,1.0,315915,7221
[start],2,1,Paum,accident,a,20110511_115521,5,0,2,0,0.7142857142857143,1.0,0.8333333333333333,0.8333333333333333,0.8333333333333333,23367,2110
[start],2,2,Paum,accident,a,20110511_115521,5,0,4,0,0.5555555555555556,1.0,0.7142857142857143,0.7142857142857143,0.7142857142857143,23367,2110
[start],2,3,Paum,accident,a,20110511_115521,4,0,1,0,0.8,1.0,0.888888888888889,0.888888888888889,0.888888888888889,23367,2110
[start],2,4,Paum,accident,a,20110511_115521,5,0,3,0,0.625,1.0,0.7692307692307693,0.7692307692307693,0.7692307692307693,23367,2110
[start],2,5,Paum,accident,a,20110511_115521,1,0,0,0,1.0,1.0,1.0,1.0,1.0,23367,2110
[start],2,6,Paum,accident,a,20110511_115521,4,0,2,0,0.6666666666666666,1.0,0.8,0.8,0.8,23367,2110
[start],2,7,Paum,accident,a,20110511_115521,4,0,1,0,0.8,1.0,0.888888888888889,0.888888888888889,0.888888888888889,23367,2110
[start],2,8,Paum,accident,a,20110511_115521,4,0,6,0,0.4,1.0,0.5714285714285715,0.5714285714285715,0.5714285714285715,23367,2110
[start],2,9,Paum,accident,a,20110511_115521,4,1,2,0,0.6666666666666666,0.8,0.7272727272727272,0.7272727272727272,0.7272727272727272,23367,2110
[start],2,10,Paum,accident,a,20110511_115521,5,0,1,0,0.8333333333333334,1.0,0.9090909090909091,0.9090909090909091,0.9090909090909091,23367,2110
[start],3,1,Paum,accident,a,20110511_120334,5,0,0,0,1.0,1.0,1.0,1.0,1.0,24407,2126
[start],3,2,Paum,accident,a,20110511_120334,5,0,4,0,0.5555555555555556,1.0,0.7142857142857143,0.7142857142857143,0.7142857142857143,24407,2126
[start],3,3,Paum,accident,a,20110511_120334,5,0,6,0,0.45454545454545453,1.0,0.625,0.625,0.625,24407,2126
[start],3,4,Paum,accident,a,20110511_120334,4,0,5,0,0.4444444444444444,1.0,0.6153846153846153,0.6153846153846153,0.6153846153846153,24407,2126
[start],3,5,Paum,accident,a,20110511_120334,3,0,1,0,0.75,1.0,0.8571428571428571,0.8571428571428571,0.8571428571428571,24407,2126
[start],3,6,Paum,accident,a,20110511_120334,4,0,4,0,0.5,1.0,0.6666666666666666,0.6666666666666666,0.6666666666666666,24407,2126
[start],3,7,Paum,accident,a,20110511_120334,4,1,1,0,0.8,0.8,0.8000000000000002,0.8000000000000002,0.8000000000000002,24407,2126
[start],3,8,Paum,accident,a,20110511_120334,4,0,1,0,0.8,1.0,0.888888888888889,0.888888888888889,0.888888888888889,24407,2126
[start],3,9,Paum,accident,a,20110511_120334,2,0,1,0,0.6666666666666666,1.0,0.8,0.8,0.8,24407,2126
[start],3,10,Paum,accident,a,20110511_120334,5,0,5,0,0.5,1.0,0.6666666666666666,0.6666666666666666,0.6666666666666666,24407,2126
[start],3,1,ILP_config,accident,a,20110511_120334,5,0,0,0,1.0,1.0,1.0,1.0,1.0,290642,7178
[start],3,2,ILP_config,accident,a,20110511_120334,4,1,1,0,0.8,0.8,0.8000000000000002,0.8000000000000002,0.8000000000000002,290642,7178
[start],3,3,ILP_config,accident,a,20110511_120334,4,1,0,0,1.0,0.8,0.888888888888889,0.888888888888889,0.888888888888889,290642,7178
[start],3,4,ILP_config,accident,a,20110511_120334,4,0,0,0,1.0,1.0,1.0,1.0,1.0,290642,7178
[start],3,5,ILP_config,accident,a,20110511_120334,3,0,0,0,1.0,1.0,1.0,1.0,1.0,290642,7178
[start],3,6,ILP_config,accident,a,20110511_120334,3,1,0,0,1.0,0.75,0.8571428571428571,0.8571428571428571,0.8571428571428571,290642,7178
[start],3,7,ILP_config,accident,a,20110511_120334,4,1,1,0,0.8,0.8,0.8000000000000002,0.8000000000000002,0.8000000000000002,290642,7178
[start],3,8,ILP_config,accident,a,20110511_120334,2,2,0,0,1.0,0.5,0.6666666666666666,0.6666666666666666,0.6666666666666666,290642,7178
[start],3,9,ILP_config,accident,a,20110511_120334,2,0,0,0,1.0,1.0,1.0,1.0,1.0,290642,7178
[start],3,10,ILP_config,accident,a,20110511_120334,5,0,0,0,1.0,1.0,1.0,1.0,1.0,290642,7178
[start],4,1,Paum,accident,a,20110511_121140,3,1,2,0,0.6,0.75,0.6666666666666665,0.6666666666666665,0.6666666666666665,25514,2138
[start],4,2,Paum,accident,a,20110511_121140,5,0,2,0,0.7142857142857143,1.0,0.8333333333333333,0.8333333333333333,0.8333333333333333,25514,2138
[start],4,3,Paum,accident,a,20110511_121140,5,0,1,0,0.8333333333333334,1.0,0.9090909090909091,0.9090909090909091,0.9090909090909091,25514,2138
[start],4,4,Paum,accident,a,20110511_121140,4,0,1,0,0.8,1.0,0.888888888888889,0.888888888888889,0.888888888888889,25514,2138
[start],4,5,Paum,accident,a,20110511_121140,5,0,2,0,0.7142857142857143,1.0,0.8333333333333333,0.8333333333333333,0.8333333333333333,25514,2138
[start],4,6,Paum,accident,a,20110511_121140,4,0,4,0,0.5,1.0,0.6666666666666666,0.6666666666666666,0.6666666666666666,25514,2138
[start],4,7,Paum,accident,a,20110511_121140,4,0,0,0,1.0,1.0,1.0,1.0,1.0,25514,2138
[start],4,8,Paum,accident,a,20110511_121140,4,0,4,0,0.5,1.0,0.6666666666666666,0.6666666666666666,0.6666666666666666,25514,2138
[start],4,9,Paum,accident,a,20110511_121140,4,0,3,0,0.5714285714285714,1.0,0.7272727272727273,0.7272727272727273,0.7272727272727273,25514,2138
[start],4,10,Paum,accident,a,20110511_121140,3,0,3,0,0.5,1.0,0.6666666666666666,0.6666666666666666,0.6666666666666666,25514,2138
[start],4,1,ILP_config,accident,a,20110511_121140,3,1,1,0,0.75,0.75,0.75,0.75,0.75,274566,7121
[start],4,2,ILP_config,accident,a,20110511_121140,5,0,1,0,0.8333333333333334,1.0,0.9090909090909091,0.9090909090909091,0.9090909090909091,274566,7121
[start],4,3,ILP_config,accident,a,20110511_121140,5,0,0,0,1.0,1.0,1.0,1.0,1.0,274566,7121
[start],4,4,ILP_config,accident,a,20110511_121140,4,0,0,0,1.0,1.0,1.0,1.0,1.0,274566,7121
[start],4,5,ILP_config,accident,a,20110511_121140,4,1,0,0,1.0,0.8,0.888888888888889,0.888888888888889,0.888888888888889,274566,7121
[start],4,6,ILP_config,accident,a,20110511_121140,4,0,0,0,1.0,1.0,1.0,1.0,1.0,274566,7121
[start],4,7,ILP_config,accident,a,20110511_121140,4,0,0,0,1.0,1.0,1.0,1.0,1.0,274566,7121
[start],4,8,ILP_config,accident,a,20110511_121140,3,1,0,0,1.0,0.75,0.8571428571428571,0.8571428571428571,0.8571428571428571,274566,7121
[start],4,9,ILP_config,accident,a,20110511_121140,4,0,0,0,1.0,1.0,1.0,1.0,1.0,274566,7121
[start],4,10,ILP_config,accident,a,20110511_121140,3,0,0,0,1.0,1.0,1.0,1.0,1.0,274566,7121
[start],5,1,Paum,accident,a,20110511_121941,5,0,5,0,0.5,1.0,0.6666666666666666,0.6666666666666666,0.6666666666666666,26342,2155
[start],5,2,Paum,accident,a,20110511_121941,5,0,3,0,0.625,1.0,0.7692307692307693,0.7692307692307693,0.7692307692307693,26342,2155
[start],5,3,Paum,accident,a,20110511_121941,4,0,6,0,0.4,1.0,0.5714285714285715,0.5714285714285715,0.5714285714285715,26342,2155
[start],5,4,Paum,accident,a,20110511_121941,3,0,5,0,0.375,1.0,0.5454545454545454,0.5454545454545454,0.5454545454545454,26342,2155
[start],5,5,Paum,accident,a,20110511_121941,4,0,1,0,0.8,1.0,0.888888888888889,0.888888888888889,0.888888888888889,26342,2155
[start],5,6,Paum,accident,a,20110511_121941,3,0,1,0,0.75,1.0,0.8571428571428571,0.8571428571428571,0.8571428571428571,26342,2155
[start],5,7,Paum,accident,a,20110511_121941,3,1,3,0,0.5,0.75,0.6,0.6,0.6,26342,2155
[start],5,8,Paum,accident,a,20110511_121941,4,0,4,0,0.5,1.0,0.6666666666666666,0.6666666666666666,0.6666666666666666,26342,2155
[start],5,9,Paum,accident,a,20110511_121941,5,0,1,0,0.8333333333333334,1.0,0.9090909090909091,0.9090909090909091,0.9090909090909091,26342,2155
[start],5,10,Paum,accident,a,20110511_121941,5,0,1,0,0.8333333333333334,1.0,0.9090909090909091,0.9090909090909091,0.9090909090909091,26342,2155
[start],5,1,ILP_config,accident,a,20110511_121941,5,0,0,0,1.0,1.0,1.0,1.0,1.0,268695,7145
[start],5,2,ILP_config,accident,a,20110511_121941,5,0,0,0,1.0,1.0,1.0,1.0,1.0,268695,7145
[start],5,3,ILP_config,accident,a,20110511_121941,4,0,0,0,1.0,1.0,1.0,1.0,1.0,268695,7145
[start],5,4,ILP_config,accident,a,20110511_121941,3,0,0,0,1.0,1.0,1.0,1.0,1.0,268695,7145
[start],5,5,ILP_config,accident,a,20110511_121941,4,0,1,0,0.8,1.0,0.888888888888889,0.888888888888889,0.888888888888889,268695,7145
[start],5,6,ILP_config,accident,a,20110511_121941,3,0,0,0,1.0,1.0,1.0,1.0,1.0,268695,7145
[start],5,7,ILP_config,accident,a,20110511_121941,2,2,0,0,1.0,0.5,0.6666666666666666,0.6666666666666666,0.6666666666666666,268695,7145
[start],5,8,ILP_config,accident,a,20110511_121941,4,0,0,0,1.0,1.0,1.0,1.0,1.0,268695,7145
[start],5,9,ILP_config,accident,a,20110511_121941,5,0,1,0,0.8333333333333334,1.0,0.9090909090909091,0.9090909090909091,0.9090909090909091,268695,7145
[start],5,10,ILP_config,accident,a,20110511_121941,3,2,0,0,1.0,0.6,0.7499999999999999,0.7499999999999999,0.7499999999999999,268695,7145
[damage],6,1,ILP_config,accident,a,20110511_130224,3,0,1,0,0.75,1.0,0.8571428571428571,0.8571428571428571,0.8571428571428571,239267,7314
[damage],6,2,ILP_config,accident,a,20110511_130224,1,2,0,0,1.0,0.3333333333333333,0.5,0.5,0.5,239267,7314
[damage],6,3,ILP_config,accident,a,20110511_130224,3,0,1,0,0.75,1.0,0.8571428571428571,0.8571428571428571,0.8571428571428571,239267,7314
[damage],6,4,ILP_config,accident,a,20110511_130224,1,0,0,0,1.0,1.0,1.0,1.0,1.0,239267,7314
[damage],6,5,ILP_config,accident,a,20110511_130224,0,0,0,0,1.0,1.0,1.0,1.0,1.0,239267,7314
[damage],6,6,ILP_config,accident,a,20110511_130224,2,1,0,0,1.0,0.6666666666666666,0.8,0.8,0.8,239267,7314
[damage],6,7,ILP_config,accident,a,20110511_130224,0,0,0,0,1.0,1.0,1.0,1.0,1.0,239267,7314
[damage],6,8,ILP_config,accident,a,20110511_130224,1,2,0,0,1.0,0.3333333333333333,0.5,0.5,0.5,239267,7314
[damage],6,9,ILP_config,accident,a,20110511_130224,1,0,0,0,1.0,1.0,1.0,1.0,1.0,239267,7314
[damage],6,10,ILP_config,accident,a,20110511_130224,2,1,0,0,1.0,0.6666666666666666,0.8,0.8,0.8,239267,7314
[damage],6,1,Paum,accident,a,20110511_130224,3,0,1,0,0.75,1.0,0.8571428571428571,0.8571428571428571,0.8571428571428571,20507,2045
[damage],6,2,Paum,accident,a,20110511_130224,3,0,0,0,1.0,1.0,1.0,1.0,1.0,20507,2045
[damage],6,3,Paum,accident,a,20110511_130224,3,0,0,0,1.0,1.0,1.0,1.0,1.0,20507,2045
[damage],6,4,Paum,accident,a,20110511_130224,0,1,0,0,1.0,0.0,0.0,0.0,0.0,20507,2045
[damage],6,5,Paum,accident,a,20110511_130224,0,0,0,0,1.0,1.0,1.0,1.0,1.0,20507,2045
[damage],6,6,Paum,accident,a,20110511_130224,3,0,2,0,0.6,1.0,0.7499999999999999,0.7499999999999999,0.7499999999999999,20507,2045
[damage],6,7,Paum,accident,a,20110511_130224,0,0,0,0,1.0,1.0,1.0,1.0,1.0,20507,2045
[damage],6,8,Paum,accident,a,20110511_130224,3,0,2,0,0.6,1.0,0.7499999999999999,0.7499999999999999,0.7499999999999999,20507,2045
[damage],6,9,Paum,accident,a,20110511_130224,1,0,0,0,1.0,1.0,1.0,1.0,1.0,20507,2045
[damage],6,10,Paum,accident,a,20110511_130224,2,1,0,0,1.0,0.6666666666666666,0.8,0.8,0.8,20507,2045
[damage],7,1,ILP_config,accident,a,20110511_130948,2,0,0,0,1.0,1.0,1.0,1.0,1.0,257731,7528
[damage],7,2,ILP_config,accident,a,20110511_130948,0,0,0,0,1.0,1.0,1.0,1.0,1.0,257731,7528
[damage],7,3,ILP_config,accident,a,20110511_130948,0,0,0,0,1.0,1.0,1.0,1.0,1.0,257731,7528
[damage],7,4,ILP_config,accident,a,20110511_130948,1,0,0,0,1.0,1.0,1.0,1.0,1.0,257731,7528
[damage],7,5,ILP_config,accident,a,20110511_130948,1,0,0,0,1.0,1.0,1.0,1.0,1.0,257731,7528
[damage],7,6,ILP_config,accident,a,20110511_130948,2,1,0,0,1.0,0.6666666666666666,0.8,0.8,0.8,257731,7528
[damage],7,7,ILP_config,accident,a,20110511_130948,2,2,0,0,1.0,0.5,0.6666666666666666,0.6666666666666666,0.6666666666666666,257731,7528
[damage],7,8,ILP_config,accident,a,20110511_130948,1,2,0,0,1.0,0.3333333333333333,0.5,0.5,0.5,257731,7528
[damage],7,9,ILP_config,accident,a,20110511_130948,2,0,1,0,0.6666666666666666,1.0,0.8,0.8,0.8,257731,7528
[damage],7,10,ILP_config,accident,a,20110511_130948,3,1,1,0,0.75,0.75,0.75,0.75,0.75,257731,7528
[damage],7,1,Paum,accident,a,20110511_130948,2,0,0,0,1.0,1.0,1.0,1.0,1.0,24103,2252
[damage],7,2,Paum,accident,a,20110511_130948,0,0,0,0,1.0,1.0,1.0,1.0,1.0,24103,2252
[damage],7,3,Paum,accident,a,20110511_130948,0,0,0,0,1.0,1.0,1.0,1.0,1.0,24103,2252
[damage],7,4,Paum,accident,a,20110511_130948,1,0,1,0,0.5,1.0,0.6666666666666666,0.6666666666666666,0.6666666666666666,24103,2252
[damage],7,5,Paum,accident,a,20110511_130948,1,0,1,0,0.5,1.0,0.6666666666666666,0.6666666666666666,0.6666666666666666,24103,2252
[damage],7,6,Paum,accident,a,20110511_130948,2,1,0,0,1.0,0.6666666666666666,0.8,0.8,0.8,24103,2252
[damage],7,7,Paum,accident,a,20110511_130948,4,0,0,0,1.0,1.0,1.0,1.0,1.0,24103,2252
[damage],7,8,Paum,accident,a,20110511_130948,2,1,0,0,1.0,0.6666666666666666,0.8,0.8,0.8,24103,2252
[damage],7,9,Paum,accident,a,20110511_130948,2,0,0,0,1.0,1.0,1.0,1.0,1.0,24103,2252
[damage],7,10,Paum,accident,a,20110511_130948,4,0,3,0,0.5714285714285714,1.0,0.7272727272727273,0.7272727272727273,0.7272727272727273,24103,2252
[damage],8,1,Paum,accident,a,20110511_131706,3,0,0,0,1.0,1.0,1.0,1.0,1.0,25425,2284
[damage],8,2,Paum,accident,a,20110511_131706,2,0,0,0,1.0,1.0,1.0,1.0,1.0,25425,2284
[damage],8,3,Paum,accident,a,20110511_131706,1,0,0,0,1.0,1.0,1.0,1.0,1.0,25425,2284
[damage],8,4,Paum,accident,a,20110511_131706,1,0,0,0,1.0,1.0,1.0,1.0,1.0,25425,2284
[damage],8,5,Paum,accident,a,20110511_131706,3,0,0,0,1.0,1.0,1.0,1.0,1.0,25425,2284
[damage],8,6,Paum,accident,a,20110511_131706,1,0,1,0,0.5,1.0,0.6666666666666666,0.6666666666666666,0.6666666666666666,25425,2284
[damage],8,7,Paum,accident,a,20110511_131706,2,0,0,0,1.0,1.0,1.0,1.0,1.0,25425,2284
[damage],8,8,Paum,accident,a,20110511_131706,1,1,1,0,0.5,0.5,0.5,0.5,0.5,25425,2284
[damage],8,9,Paum,accident,a,20110511_131706,1,0,1,0,0.5,1.0,0.6666666666666666,0.6666666666666666,0.6666666666666666,25425,2284
[damage],8,10,Paum,accident,a,20110511_131706,3,1,1,0,0.75,0.75,0.75,0.75,0.75,25425,2284
[damage],8,1,ILP_config,accident,a,20110511_131706,2,1,1,0,0.6666666666666666,0.6666666666666666,0.6666666666666666,0.6666666666666666,0.6666666666666666,207885,7145
[damage],8,2,ILP_config,accident,a,20110511_131706,1,1,0,0,1.0,0.5,0.6666666666666666,0.6666666666666666,0.6666666666666666,207885,7145
[damage],8,3,ILP_config,accident,a,20110511_131706,1,0,0,0,1.0,1.0,1.0,1.0,1.0,207885,7145
[damage],8,4,ILP_config,accident,a,20110511_131706,1,0,0,0,1.0,1.0,1.0,1.0,1.0,207885,7145
[damage],8,5,ILP_config,accident,a,20110511_131706,3,0,0,0,1.0,1.0,1.0,1.0,1.0,207885,7145
[damage],8,6,ILP_config,accident,a,20110511_131706,0,1,0,0,1.0,0.0,0.0,0.0,0.0,207885,7145
[damage],8,7,ILP_config,accident,a,20110511_131706,2,0,0,0,1.0,1.0,1.0,1.0,1.0,207885,7145
[damage],8,8,ILP_config,accident,a,20110511_131706,1,0,0,1,0.5,0.5,0.5,1.0,0.75,207885,7145
[damage],8,9,ILP_config,accident,a,20110511_131706,1,0,1,0,0.5,1.0,0.6666666666666666,0.6666666666666666,0.6666666666666666,207885,7145
[damage],8,10,ILP_config,accident,a,20110511_131706,3,1,0,0,1.0,0.75,0.8571428571428571,0.8571428571428571,0.8571428571428571,207885,7145
[damage],9,1,ILP_config,accident,a,20110511_132504,3,0,0,0,1.0,1.0,1.0,1.0,1.0,238472,7339
[damage],9,2,ILP_config,accident,a,20110511_132504,1,0,0,0,1.0,1.0,1.0,1.0,1.0,238472,7339
[damage],9,3,ILP_config,accident,a,20110511_132504,1,0,0,0,1.0,1.0,1.0,1.0,1.0,238472,7339
[damage],9,4,ILP_config,accident,a,20110511_132504,3,0,2,0,0.6,1.0,0.7499999999999999,0.7499999999999999,0.7499999999999999,238472,7339
[damage],9,5,ILP_config,accident,a,20110511_132504,1,2,0,0,1.0,0.3333333333333333,0.5,0.5,0.5,238472,7339
[damage],9,6,ILP_config,accident,a,20110511_132504,1,2,0,0,1.0,0.3333333333333333,0.5,0.5,0.5,238472,7339
[damage],9,7,ILP_config,accident,a,20110511_132504,1,0,0,0,1.0,1.0,1.0,1.0,1.0,238472,7339
[damage],9,8,ILP_config,accident,a,20110511_132504,1,0,1,0,0.5,1.0,0.6666666666666666,0.6666666666666666,0.6666666666666666,238472,7339
[damage],9,9,ILP_config,accident,a,20110511_132504,2,1,1,0,0.6666666666666666,0.6666666666666666,0.6666666666666666,0.6666666666666666,0.6666666666666666,238472,7339
[damage],9,10,ILP_config,accident,a,20110511_132504,1,0,0,0,1.0,1.0,1.0,1.0,1.0,238472,7339
[damage],9,1,Paum,accident,a,20110511_132504,3,0,0,0,1.0,1.0,1.0,1.0,1.0,26873,2330
[damage],9,2,Paum,accident,a,20110511_132504,1,0,0,0,1.0,1.0,1.0,1.0,1.0,26873,2330
[damage],9,3,Paum,accident,a,20110511_132504,1,0,0,0,1.0,1.0,1.0,1.0,1.0,26873,2330
[damage],9,4,Paum,accident,a,20110511_132504,3,0,1,0,0.75,1.0,0.8571428571428571,0.8571428571428571,0.8571428571428571,26873,2330
[damage],9,5,Paum,accident,a,20110511_132504,3,0,1,0,0.75,1.0,0.8571428571428571,0.8571428571428571,0.8571428571428571,26873,2330
[damage],9,6,Paum,accident,a,20110511_132504,2,1,2,0,0.5,0.6666666666666666,0.5714285714285715,0.5714285714285715,0.5714285714285715,26873,2330
[damage],9,7,Paum,accident,a,20110511_132504,1,0,0,0,1.0,1.0,1.0,1.0,1.0,26873,2330
[damage],9,8,Paum,accident,a,20110511_132504,1,0,1,0,0.5,1.0,0.6666666666666666,0.6666666666666666,0.6666666666666666,26873,2330
[damage],9,9,Paum,accident,a,20110511_132504,2,1,0,0,1.0,0.6666666666666666,0.8,0.8,0.8,26873,2330
[damage],9,10,Paum,accident,a,20110511_132504,1,0,0,0,1.0,1.0,1.0,1.0,1.0,26873,2330
[damage],10,1,ILP_config,accident,a,20110511_133258,2,0,0,0,1.0,1.0,1.0,1.0,1.0,237564,7148
[damage],10,2,ILP_config,accident,a,20110511_133258,4,0,1,0,0.8,1.0,0.888888888888889,0.888888888888889,0.888888888888889,237564,7148
[damage],10,3,ILP_config,accident,a,20110511_133258,2,1,1,0,0.6666666666666666,0.6666666666666666,0.6666666666666666,0.6666666666666666,0.6666666666666666,237564,7148
[damage],10,4,ILP_config,accident,a,20110511_133258,1,0,0,0,1.0,1.0,1.0,1.0,1.0,237564,7148
[damage],10,5,ILP_config,accident,a,20110511_133258,1,0,0,0,1.0,1.0,1.0,1.0,1.0,237564,7148
[damage],10,6,ILP_config,accident,a,20110511_133258,0,0,0,0,1.0,1.0,1.0,1.0,1.0,237564,7148
[damage],10,7,ILP_config,accident,a,20110511_133258,3,0,0,0,1.0,1.0,1.0,1.0,1.0,237564,7148
[damage],10,8,ILP_config,accident,a,20110511_133258,1,0,0,0,1.0,1.0,1.0,1.0,1.0,237564,7148
[damage],10,9,ILP_config,accident,a,20110511_133258,2,0,0,0,1.0,1.0,1.0,1.0,1.0,237564,7148
[damage],10,10,ILP_config,accident,a,20110511_133258,2,1,0,0,1.0,0.6666666666666666,0.8,0.8,0.8,237564,7148
[damage],10,1,Paum,accident,a,20110511_133258,2,0,0,0,1.0,1.0,1.0,1.0,1.0,27046,2295
[damage],10,2,Paum,accident,a,20110511_133258,4,0,1,0,0.8,1.0,0.888888888888889,0.888888888888889,0.888888888888889,27046,2295
[damage],10,3,Paum,accident,a,20110511_133258,3,0,5,0,0.375,1.0,0.5454545454545454,0.5454545454545454,0.5454545454545454,27046,2295
[damage],10,4,Paum,accident,a,20110511_133258,0,1,0,0,1.0,0.0,0.0,0.0,0.0,27046,2295
[damage],10,5,Paum,accident,a,20110511_133258,1,0,0,0,1.0,1.0,1.0,1.0,1.0,27046,2295
[damage],10,6,Paum,accident,a,20110511_133258,0,0,0,0,1.0,1.0,1.0,1.0,1.0,27046,2295
[damage],10,7,Paum,accident,a,20110511_133258,3,0,1,0,0.75,1.0,0.8571428571428571,0.8571428571428571,0.8571428571428571,27046,2295
[damage],10,8,Paum,accident,a,20110511_133258,1,0,0,0,1.0,1.0,1.0,1.0,1.0,27046,2295
[damage],10,9,Paum,accident,a,20110511_133258,2,0,0,0,1.0,1.0,1.0,1.0,1.0,27046,2295
[damage],10,10,Paum,accident,a,20110511_133258,2,1,0,0,1.0,0.6666666666666666,0.8,0.8,0.8,27046,2295
[end_subtree],11,1,ILP_config,accident,a,20110511_140143,0,7,0,0,1.0,0.0,0.0,0.0,0.0,1043992,7330
[end_subtree],11,2,ILP_config,accident,a,20110511_140143,1,2,2,0,0.3333333333333333,0.3333333333333333,0.3333333333333333,0.3333333333333333,0.3333333333333333,1043992,7330
[end_subtree],11,3,ILP_config,accident,a,20110511_140143,1,5,1,0,0.5,0.16666666666666666,0.25,0.25,0.25,1043992,7330
[end_subtree],11,4,ILP_config,accident,a,20110511_140143,1,3,0,0,1.0,0.25,0.4,0.4,0.4,1043992,7330
[end_subtree],11,5,ILP_config,accident,a,20110511_140143,0,2,0,0,1.0,0.0,0.0,0.0,0.0,1043992,7330
[end_subtree],11,6,ILP_config,accident,a,20110511_140143,2,3,1,0,0.6666666666666666,0.4,0.5,0.5,0.5,1043992,7330
[end_subtree],11,7,ILP_config,accident,a,20110511_140143,3,4,2,0,0.6,0.42857142857142855,0.5,0.5,0.5,1043992,7330
[end_subtree],11,8,ILP_config,accident,a,20110511_140143,0,2,0,0,1.0,0.0,0.0,0.0,0.0,1043992,7330
[end_subtree],11,9,ILP_config,accident,a,20110511_140143,1,1,0,2,0.3333333333333333,0.25,0.28571428571428575,0.8571428571428571,0.5714285714285714,1043992,7330
[end_subtree],11,10,ILP_config,accident,a,20110511_140143,1,1,3,0,0.25,0.5,0.3333333333333333,0.3333333333333333,0.3333333333333333,1043992,7330
[end_subtree],11,1,Paum,accident,a,20110511_140143,3,3,1,1,0.6,0.42857142857142855,0.5,0.6666666666666666,0.5833333333333333,21120,2255
[end_subtree],11,2,Paum,accident,a,20110511_140143,3,0,2,0,0.6,1.0,0.7499999999999999,0.7499999999999999,0.7499999999999999,21120,2255
[end_subtree],11,3,Paum,accident,a,20110511_140143,4,1,5,1,0.4,0.6666666666666666,0.5,0.625,0.5625,21120,2255
[end_subtree],11,4,Paum,accident,a,20110511_140143,3,1,0,0,1.0,0.75,0.8571428571428571,0.8571428571428571,0.8571428571428571,21120,2255
[end_subtree],11,5,Paum,accident,a,20110511_140143,2,0,1,0,0.6666666666666666,1.0,0.8,0.8,0.8,21120,2255
[end_subtree],11,6,Paum,accident,a,20110511_140143,5,0,5,0,0.5,1.0,0.6666666666666666,0.6666666666666666,0.6666666666666666,21120,2255
[end_subtree],11,7,Paum,accident,a,20110511_140143,5,2,2,0,0.7142857142857143,0.7142857142857143,0.7142857142857143,0.7142857142857143,0.7142857142857143,21120,2255
[end_subtree],11,8,Paum,accident,a,20110511_140143,0,2,1,0,0.0,0.0,0.0,0.0,0.0,21120,2255
[end_subtree],11,9,Paum,accident,a,20110511_140143,0,3,1,1,0.0,0.0,0.0,0.3333333333333333,0.16666666666666666,21120,2255
[end_subtree],11,10,Paum,accident,a,20110511_140143,1,0,5,1,0.14285714285714285,0.5,0.22222222222222224,0.4444444444444445,0.33333333333333337,21120,2255
[end_subtree],12,1,Paum,accident,a,20110511_141914,3,1,5,1,0.3333333333333333,0.6,0.42857142857142855,0.5714285714285714,0.5,23876,2342
[end_subtree],12,2,Paum,accident,a,20110511_141914,4,0,0,0,1.0,1.0,1.0,1.0,1.0,23876,2342
[end_subtree],12,3,Paum,accident,a,20110511_141914,1,1,0,0,1.0,0.5,0.6666666666666666,0.6666666666666666,0.6666666666666666,23876,2342
[end_subtree],12,4,Paum,accident,a,20110511_141914,2,2,2,0,0.5,0.5,0.5,0.5,0.5,23876,2342
[end_subtree],12,5,Paum,accident,a,20110511_141914,2,1,1,0,0.6666666666666666,0.6666666666666666,0.6666666666666666,0.6666666666666666,0.6666666666666666,23876,2342
[end_subtree],12,6,Paum,accident,a,20110511_141914,3,2,1,1,0.6,0.5,0.5454545454545454,0.7272727272727272,0.6363636363636362,23876,2342
[end_subtree],12,7,Paum,accident,a,20110511_141914,3,1,3,0,0.5,0.75,0.6,0.6,0.6,23876,2342
[end_subtree],12,8,Paum,accident,a,20110511_141914,3,2,3,1,0.42857142857142855,0.5,0.4615384615384615,0.6153846153846153,0.5384615384615384,23876,2342
[end_subtree],12,9,Paum,accident,a,20110511_141914,3,1,3,2,0.375,0.5,0.42857142857142855,0.7142857142857143,0.5714285714285714,23876,2342
[end_subtree],12,10,Paum,accident,a,20110511_141914,2,0,1,0,0.6666666666666666,1.0,0.8,0.8,0.8,23876,2342
[end_subtree],12,1,ILP_config,accident,a,20110511_141914,1,2,2,2,0.2,0.2,0.20000000000000004,0.6,0.4,864624,7221
[end_subtree],12,2,ILP_config,accident,a,20110511_141914,0,4,0,0,1.0,0.0,0.0,0.0,0.0,864624,7221
[end_subtree],12,3,ILP_config,accident,a,20110511_141914,0,2,0,0,1.0,0.0,0.0,0.0,0.0,864624,7221
[end_subtree],12,4,ILP_config,accident,a,20110511_141914,2,2,1,0,0.6666666666666666,0.5,0.5714285714285715,0.5714285714285715,0.5714285714285715,864624,7221
[end_subtree],12,5,ILP_config,accident,a,20110511_141914,0,3,0,0,1.0,0.0,0.0,0.0,0.0,864624,7221
[end_subtree],12,6,ILP_config,accident,a,20110511_141914,0,6,0,0,1.0,0.0,0.0,0.0,0.0,864624,7221
[end_subtree],12,7,ILP_config,accident,a,20110511_141914,1,3,0,0,1.0,0.25,0.4,0.4,0.4,864624,7221
[end_subtree],12,8,ILP_config,accident,a,20110511_141914,1,5,1,0,0.5,0.16666666666666666,0.25,0.25,0.25,864624,7221
[end_subtree],12,9,ILP_config,accident,a,20110511_141914,1,5,0,0,1.0,0.16666666666666666,0.2857142857142857,0.2857142857142857,0.2857142857142857,864624,7221
[end_subtree],12,10,ILP_config,accident,a,20110511_141914,2,0,0,0,1.0,1.0,1.0,1.0,1.0,864624,7221
[end_subtree],13,1,Paum,accident,a,20110511_143955,2,2,0,1,0.6666666666666666,0.4,0.5,0.7499999999999999,0.625,25281,2381
[end_subtree],13,2,Paum,accident,a,20110511_143955,2,0,1,1,0.5,0.6666666666666666,0.5714285714285715,0.8571428571428571,0.7142857142857143,25281,2381
[end_subtree],13,3,Paum,accident,a,20110511_143955,1,2,3,0,0.25,0.3333333333333333,0.28571428571428575,0.28571428571428575,0.28571428571428575,25281,2381
[end_subtree],13,4,Paum,accident,a,20110511_143955,3,1,3,0,0.5,0.75,0.6,0.6,0.6,25281,2381
[end_subtree],13,5,Paum,accident,a,20110511_143955,4,2,1,0,0.8,0.6666666666666666,0.7272727272727272,0.7272727272727272,0.7272727272727272,25281,2381
[end_subtree],13,6,Paum,accident,a,20110511_143955,2,3,2,0,0.5,0.4,0.4444444444444445,0.4444444444444445,0.4444444444444445,25281,2381
[end_subtree],13,7,Paum,accident,a,20110511_143955,1,1,1,0,0.5,0.5,0.5,0.5,0.5,25281,2381
[end_subtree],13,8,Paum,accident,a,20110511_143955,4,1,3,1,0.5,0.6666666666666666,0.5714285714285715,0.7142857142857143,0.6428571428571429,25281,2381
[end_subtree],13,9,Paum,accident,a,20110511_143955,3,1,0,0,1.0,0.75,0.8571428571428571,0.8571428571428571,0.8571428571428571,25281,2381
[end_subtree],13,10,Paum,accident,a,20110511_143955,3,0,6,1,0.3,0.75,0.4285714285714285,0.5714285714285715,0.5,25281,2381
[end_subtree],13,1,ILP_config,accident,a,20110511_143955,2,1,0,2,0.5,0.4,0.4444444444444445,0.888888888888889,0.6666666666666667,1009358,7173
[end_subtree],13,2,ILP_config,accident,a,20110511_143955,0,3,0,0,1.0,0.0,0.0,0.0,0.0,1009358,7173
[end_subtree],13,3,ILP_config,accident,a,20110511_143955,0,2,0,1,0.0,0.0,0.0,0.5,0.25,1009358,7173
[end_subtree],13,4,ILP_config,accident,a,20110511_143955,2,2,3,0,0.4,0.5,0.4444444444444445,0.4444444444444445,0.4444444444444445,1009358,7173
[end_subtree],13,5,ILP_config,accident,a,20110511_143955,0,6,0,0,1.0,0.0,0.0,0.0,0.0,1009358,7173
[end_subtree],13,6,ILP_config,accident,a,20110511_143955,1,4,1,0,0.5,0.2,0.28571428571428575,0.28571428571428575,0.28571428571428575,1009358,7173
[end_subtree],13,7,ILP_config,accident,a,20110511_143955,1,1,0,0,1.0,0.5,0.6666666666666666,0.6666666666666666,0.6666666666666666,1009358,7173
[end_subtree],13,8,ILP_config,accident,a,20110511_143955,2,4,3,0,0.4,0.3333333333333333,0.3636363636363636,0.3636363636363636,0.3636363636363636,1009358,7173
[end_subtree],13,9,ILP_config,accident,a,20110511_143955,1,3,2,0,0.3333333333333333,0.25,0.28571428571428575,0.28571428571428575,0.28571428571428575,1009358,7173
[end_subtree],13,10,ILP_config,accident,a,20110511_143955,2,2,1,0,0.6666666666666666,0.5,0.5714285714285715,0.5714285714285715,0.5714285714285715,1009358,7173
[end_subtree],14,1,Paum,accident,a,20110511_145847,3,2,1,0,0.75,0.6,0.6666666666666665,0.6666666666666665,0.6666666666666665,26295,2338
[end_subtree],14,2,Paum,accident,a,20110511_145847,5,1,2,0,0.7142857142857143,0.8333333333333334,0.7692307692307692,0.7692307692307692,0.7692307692307692,26295,2338
[end_subtree],14,3,Paum,accident,a,20110511_145847,3,1,3,0,0.5,0.75,0.6,0.6,0.6,26295,2338
[end_subtree],14,4,Paum,accident,a,20110511_145847,3,1,3,0,0.5,0.75,0.6,0.6,0.6,26295,2338
[end_subtree],14,5,Paum,accident,a,20110511_145847,3,2,5,0,0.375,0.6,0.4615384615384615,0.4615384615384615,0.4615384615384615,26295,2338
[end_subtree],14,6,Paum,accident,a,20110511_145847,1,0,2,0,0.3333333333333333,1.0,0.5,0.5,0.5,26295,2338
[end_subtree],14,7,Paum,accident,a,20110511_145847,4,0,1,0,0.8,1.0,0.888888888888889,0.888888888888889,0.888888888888889,26295,2338
[end_subtree],14,8,Paum,accident,a,20110511_145847,1,2,1,2,0.25,0.2,0.22222222222222224,0.6666666666666665,0.44444444444444436,26295,2338
[end_subtree],14,9,Paum,accident,a,20110511_145847,2,2,1,1,0.5,0.4,0.4444444444444445,0.6666666666666665,0.5555555555555555,26295,2338
[end_subtree],14,10,Paum,accident,a,20110511_145847,1,2,0,0,1.0,0.3333333333333333,0.5,0.5,0.5,26295,2338
[end_subtree],14,1,ILP_config,accident,a,20110511_145847,1,4,1,0,0.5,0.2,0.28571428571428575,0.28571428571428575,0.28571428571428575,893543,7186
[end_subtree],14,2,ILP_config,accident,a,20110511_145847,0,6,0,0,1.0,0.0,0.0,0.0,0.0,893543,7186
[end_subtree],14,3,ILP_config,accident,a,20110511_145847,1,3,1,0,0.5,0.25,0.3333333333333333,0.3333333333333333,0.3333333333333333,893543,7186
[end_subtree],14,4,ILP_config,accident,a,20110511_145847,2,2,2,0,0.5,0.5,0.5,0.5,0.5,893543,7186
[end_subtree],14,5,ILP_config,accident,a,20110511_145847,0,4,0,1,0.0,0.0,0.0,0.33333333333333337,0.16666666666666669,893543,7186
[end_subtree],14,6,ILP_config,accident,a,20110511_145847,0,1,0,0,1.0,0.0,0.0,0.0,0.0,893543,7186
[end_subtree],14,7,ILP_config,accident,a,20110511_145847,0,4,0,0,1.0,0.0,0.0,0.0,0.0,893543,7186
[end_subtree],14,8,ILP_config,accident,a,20110511_145847,0,3,2,2,0.0,0.0,0.0,0.4444444444444445,0.22222222222222224,893543,7186
[end_subtree],14,9,ILP_config,accident,a,20110511_145847,3,2,0,0,1.0,0.6,0.7499999999999999,0.7499999999999999,0.7499999999999999,893543,7186
[end_subtree],14,10,ILP_config,accident,a,20110511_145847,1,2,0,0,1.0,0.3333333333333333,0.5,0.5,0.5,893543,7186
[end_subtree],15,1,Paum,accident,a,20110511_152016,2,1,3,0,0.4,0.6666666666666666,0.5,0.5,0.5,27941,2377
[end_subtree],15,2,Paum,accident,a,20110511_152016,3,2,0,0,1.0,0.6,0.7499999999999999,0.7499999999999999,0.7499999999999999,27941,2377
[end_subtree],15,3,Paum,accident,a,20110511_152016,2,2,3,0,0.4,0.5,0.4444444444444445,0.4444444444444445,0.4444444444444445,27941,2377
[end_subtree],15,4,Paum,accident,a,20110511_152016,1,2,1,0,0.5,0.3333333333333333,0.4,0.4,0.4,27941,2377
[end_subtree],15,5,Paum,accident,a,20110511_152016,4,1,3,0,0.5714285714285714,0.8,0.6666666666666666,0.6666666666666666,0.6666666666666666,27941,2377
[end_subtree],15,6,Paum,accident,a,20110511_152016,1,1,0,2,0.3333333333333333,0.25,0.28571428571428575,0.8571428571428571,0.5714285714285714,27941,2377
[end_subtree],15,7,Paum,accident,a,20110511_152016,2,0,3,0,0.4,1.0,0.5714285714285715,0.5714285714285715,0.5714285714285715,27941,2377
[end_subtree],15,8,Paum,accident,a,20110511_152016,5,0,3,0,0.625,1.0,0.7692307692307693,0.7692307692307693,0.7692307692307693,27941,2377
[end_subtree],15,9,Paum,accident,a,20110511_152016,7,0,2,0,0.7777777777777778,1.0,0.8750000000000001,0.8750000000000001,0.8750000000000001,27941,2377
[end_subtree],15,10,Paum,accident,a,20110511_152016,2,2,1,0,0.6666666666666666,0.5,0.5714285714285715,0.5714285714285715,0.5714285714285715,27941,2377
[end_subtree],15,1,ILP_config,accident,a,20110511_152016,1,2,2,0,0.3333333333333333,0.3333333333333333,0.3333333333333333,0.3333333333333333,0.3333333333333333,1045553,7465
[end_subtree],15,2,ILP_config,accident,a,20110511_152016,2,3,0,0,1.0,0.4,0.5714285714285715,0.5714285714285715,0.5714285714285715,1045553,7465
[end_subtree],15,3,ILP_config,accident,a,20110511_152016,0,4,0,0,1.0,0.0,0.0,0.0,0.0,1045553,7465
[end_subtree],15,4,ILP_config,accident,a,20110511_152016,1,2,0,0,1.0,0.3333333333333333,0.5,0.5,0.5,1045553,7465
[end_subtree],15,5,ILP_config,accident,a,20110511_152016,1,4,0,0,1.0,0.2,0.33333333333333337,0.33333333333333337,0.33333333333333337,1045553,7465
[end_subtree],15,6,ILP_config,accident,a,20110511_152016,0,2,0,2,0.0,0.0,0.0,0.6666666666666666,0.3333333333333333,1045553,7465
[end_subtree],15,7,ILP_config,accident,a,20110511_152016,2,0,1,0,0.6666666666666666,1.0,0.8,0.8,0.8,1045553,7465
[end_subtree],15,8,ILP_config,accident,a,20110511_152016,0,5,0,0,1.0,0.0,0.0,0.0,0.0,1045553,7465
[end_subtree],15,9,ILP_config,accident,a,20110511_152016,1,6,1,0,0.5,0.14285714285714285,0.22222222222222224,0.22222222222222224,0.22222222222222224,1045553,7465
[end_subtree],15,10,ILP_config,accident,a,20110511_152016,1,3,1,0,0.5,0.25,0.3333333333333333,0.3333333333333333,0.3333333333333333,1045553,7465
[injuries],16,1,ILP_config,accident,a,20110511_155452,4,4,2,0,0.6666666666666666,0.5,0.5714285714285715,0.5714285714285715,0.5714285714285715,925537,7436
[injuries],16,2,ILP_config,accident,a,20110511_155452,1,3,17,0,0.05555555555555555,0.25,0.0909090909090909,0.0909090909090909,0.0909090909090909,925537,7436
[injuries],16,3,ILP_config,accident,a,20110511_155452,1,1,1,0,0.5,0.5,0.5,0.5,0.5,925537,7436
[injuries],16,4,ILP_config,accident,a,20110511_155452,0,0,0,0,1.0,1.0,1.0,1.0,1.0,925537,7436
[injuries],16,5,ILP_config,accident,a,20110511_155452,4,3,4,0,0.5,0.5714285714285714,0.5333333333333333,0.5333333333333333,0.5333333333333333,925537,7436
[injuries],16,6,ILP_config,accident,a,20110511_155452,0,3,1,0,0.0,0.0,0.0,0.0,0.0,925537,7436
[injuries],16,7,ILP_config,accident,a,20110511_155452,0,1,4,0,0.0,0.0,0.0,0.0,0.0,925537,7436
[injuries],16,8,ILP_config,accident,a,20110511_155452,0,0,0,0,1.0,1.0,1.0,1.0,1.0,925537,7436
[injuries],16,9,ILP_config,accident,a,20110511_155452,3,1,1,0,0.75,0.75,0.75,0.75,0.75,925537,7436
[injuries],16,10,ILP_config,accident,a,20110511_155452,4,0,1,0,0.8,1.0,0.888888888888889,0.888888888888889,0.888888888888889,925537,7436
[injuries],16,1,Paum,accident,a,20110511_155452,5,3,7,0,0.4166666666666667,0.625,0.5,0.5,0.5,21029,2039
[injuries],16,2,Paum,accident,a,20110511_155452,3,1,3,0,0.5,0.75,0.6,0.6,0.6,21029,2039
[injuries],16,3,Paum,accident,a,20110511_155452,2,0,1,0,0.6666666666666666,1.0,0.8,0.8,0.8,21029,2039
[injuries],16,4,Paum,accident,a,20110511_155452,0,0,4,0,0.0,1.0,0.0,0.0,0.0,21029,2039
[injuries],16,5,Paum,accident,a,20110511_155452,5,2,1,0,0.8333333333333334,0.7142857142857143,0.7692307692307692,0.7692307692307692,0.7692307692307692,21029,2039
[injuries],16,6,Paum,accident,a,20110511_155452,1,2,5,0,0.16666666666666666,0.3333333333333333,0.2222222222222222,0.2222222222222222,0.2222222222222222,21029,2039
[injuries],16,7,Paum,accident,a,20110511_155452,1,0,10,0,0.09090909090909091,1.0,0.16666666666666669,0.16666666666666669,0.16666666666666669,21029,2039
[injuries],16,8,Paum,accident,a,20110511_155452,0,0,1,0,0.0,1.0,0.0,0.0,0.0,21029,2039
[injuries],16,9,Paum,accident,a,20110511_155452,3,1,1,0,0.75,0.75,0.75,0.75,0.75,21029,2039
[injuries],16,10,Paum,accident,a,20110511_155452,3,1,9,0,0.25,0.75,0.375,0.375,0.375,21029,2039
[injuries],17,1,Paum,accident,a,20110511_161311,2,0,11,0,0.15384615384615385,1.0,0.2666666666666667,0.2666666666666667,0.2666666666666667,23887,2229
[injuries],17,2,Paum,accident,a,20110511_161311,1,0,4,0,0.2,1.0,0.33333333333333337,0.33333333333333337,0.33333333333333337,23887,2229
[injuries],17,3,Paum,accident,a,20110511_161311,3,0,4,0,0.42857142857142855,1.0,0.6,0.6,0.6,23887,2229
[injuries],17,4,Paum,accident,a,20110511_161311,3,3,0,0,1.0,0.5,0.6666666666666666,0.6666666666666666,0.6666666666666666,23887,2229
[injuries],17,5,Paum,accident,a,20110511_161311,0,0,5,0,0.0,1.0,0.0,0.0,0.0,23887,2229
[injuries],17,6,Paum,accident,a,20110511_161311,4,2,4,0,0.5,0.6666666666666666,0.5714285714285715,0.5714285714285715,0.5714285714285715,23887,2229
[injuries],17,7,Paum,accident,a,20110511_161311,3,0,3,0,0.5,1.0,0.6666666666666666,0.6666666666666666,0.6666666666666666,23887,2229
[injuries],17,8,Paum,accident,a,20110511_161311,4,3,8,0,0.3333333333333333,0.5714285714285714,0.4210526315789474,0.4210526315789474,0.4210526315789474,23887,2229
[injuries],17,9,Paum,accident,a,20110511_161311,4,0,5,0,0.4444444444444444,1.0,0.6153846153846153,0.6153846153846153,0.6153846153846153,23887,2229
[injuries],17,10,Paum,accident,a,20110511_161311,0,1,2,0,0.0,0.0,0.0,0.0,0.0,23887,2229
[injuries],17,1,ILP_config,accident,a,20110511_161311,1,1,0,0,1.0,0.5,0.6666666666666666,0.6666666666666666,0.6666666666666666,930900,7261
[injuries],17,2,ILP_config,accident,a,20110511_161311,1,0,19,0,0.05,1.0,0.09523809523809523,0.09523809523809523,0.09523809523809523,930900,7261
[injuries],17,3,ILP_config,accident,a,20110511_161311,2,1,1,0,0.6666666666666666,0.6666666666666666,0.6666666666666666,0.6666666666666666,0.6666666666666666,930900,7261
[injuries],17,4,ILP_config,accident,a,20110511_161311,1,5,0,0,1.0,0.16666666666666666,0.2857142857142857,0.2857142857142857,0.2857142857142857,930900,7261
[injuries],17,5,ILP_config,accident,a,20110511_161311,0,0,1,0,0.0,1.0,0.0,0.0,0.0,930900,7261
[injuries],17,6,ILP_config,accident,a,20110511_161311,2,4,4,0,0.3333333333333333,0.3333333333333333,0.3333333333333333,0.3333333333333333,0.3333333333333333,930900,7261
[injuries],17,7,ILP_config,accident,a,20110511_161311,0,3,0,0,1.0,0.0,0.0,0.0,0.0,930900,7261
[injuries],17,8,ILP_config,accident,a,20110511_161311,3,4,2,0,0.6,0.42857142857142855,0.5,0.5,0.5,930900,7261
[injuries],17,9,ILP_config,accident,a,20110511_161311,3,1,2,0,0.6,0.75,0.6666666666666665,0.6666666666666665,0.6666666666666665,930900,7261
[injuries],17,10,ILP_config,accident,a,20110511_161311,1,0,0,0,1.0,1.0,1.0,1.0,1.0,930900,7261
[injuries],18,1,ILP_config,accident,a,20110511_163324,3,3,4,0,0.42857142857142855,0.5,0.4615384615384615,0.4615384615384615,0.4615384615384615,1003754,7274
[injuries],18,2,ILP_config,accident,a,20110511_163324,0,1,2,0,0.0,0.0,0.0,0.0,0.0,1003754,7274
[injuries],18,3,ILP_config,accident,a,20110511_163324,1,1,1,0,0.5,0.5,0.5,0.5,0.5,1003754,7274
[injuries],18,4,ILP_config,accident,a,20110511_163324,1,1,0,0,1.0,0.5,0.6666666666666666,0.6666666666666666,0.6666666666666666,1003754,7274
[injuries],18,5,ILP_config,accident,a,20110511_163324,0,1,1,0,0.0,0.0,0.0,0.0,0.0,1003754,7274
[injuries],18,6,ILP_config,accident,a,20110511_163324,0,4,0,0,1.0,0.0,0.0,0.0,0.0,1003754,7274
[injuries],18,7,ILP_config,accident,a,20110511_163324,3,4,3,0,0.5,0.42857142857142855,0.4615384615384615,0.4615384615384615,0.4615384615384615,1003754,7274
[injuries],18,8,ILP_config,accident,a,20110511_163324,1,4,1,0,0.5,0.2,0.28571428571428575,0.28571428571428575,0.28571428571428575,1003754,7274
[injuries],18,9,ILP_config,accident,a,20110511_163324,3,0,1,0,0.75,1.0,0.8571428571428571,0.8571428571428571,0.8571428571428571,1003754,7274
[injuries],18,10,ILP_config,accident,a,20110511_163324,2,0,0,0,1.0,1.0,1.0,1.0,1.0,1003754,7274
[injuries],18,1,Paum,accident,a,20110511_163324,3,3,9,0,0.25,0.5,0.3333333333333333,0.3333333333333333,0.3333333333333333,25336,2247
[injuries],18,2,Paum,accident,a,20110511_163324,1,0,2,0,0.3333333333333333,1.0,0.5,0.5,0.5,25336,2247
[injuries],18,3,Paum,accident,a,20110511_163324,2,0,4,0,0.3333333333333333,1.0,0.5,0.5,0.5,25336,2247
[injuries],18,4,Paum,accident,a,20110511_163324,1,1,3,0,0.25,0.5,0.3333333333333333,0.3333333333333333,0.3333333333333333,25336,2247
[injuries],18,5,Paum,accident,a,20110511_163324,1,0,2,0,0.3333333333333333,1.0,0.5,0.5,0.5,25336,2247
[injuries],18,6,Paum,accident,a,20110511_163324,4,0,2,0,0.6666666666666666,1.0,0.8,0.8,0.8,25336,2247
[injuries],18,7,Paum,accident,a,20110511_163324,5,2,3,0,0.625,0.7142857142857143,0.6666666666666666,0.6666666666666666,0.6666666666666666,25336,2247
[injuries],18,8,Paum,accident,a,20110511_163324,5,0,14,0,0.2631578947368421,1.0,0.4166666666666667,0.4166666666666667,0.4166666666666667,25336,2247
[injuries],18,9,Paum,accident,a,20110511_163324,3,0,4,0,0.42857142857142855,1.0,0.6,0.6,0.6,25336,2247
[injuries],18,10,Paum,accident,a,20110511_163324,1,1,6,0,0.14285714285714285,0.5,0.22222222222222224,0.22222222222222224,0.22222222222222224,25336,2247
[injuries],19,1,ILP_config,accident,a,20110511_165200,3,2,0,0,1.0,0.6,0.7499999999999999,0.7499999999999999,0.7499999999999999,902003,7171
[injuries],19,2,ILP_config,accident,a,20110511_165200,0,0,0,0,1.0,1.0,1.0,1.0,1.0,902003,7171
[injuries],19,3,ILP_config,accident,a,20110511_165200,3,1,0,0,1.0,0.75,0.8571428571428571,0.8571428571428571,0.8571428571428571,902003,7171
[injuries],19,4,ILP_config,accident,a,20110511_165200,1,1,0,0,1.0,0.5,0.6666666666666666,0.6666666666666666,0.6666666666666666,902003,7171
[injuries],19,5,ILP_config,accident,a,20110511_165200,0,1,0,0,1.0,0.0,0.0,0.0,0.0,902003,7171
[injuries],19,6,ILP_config,accident,a,20110511_165200,1,2,0,0,1.0,0.3333333333333333,0.5,0.5,0.5,902003,7171
[injuries],19,7,ILP_config,accident,a,20110511_165200,3,4,4,0,0.42857142857142855,0.42857142857142855,0.42857142857142855,0.42857142857142855,0.42857142857142855,902003,7171
[injuries],19,8,ILP_config,accident,a,20110511_165200,2,4,3,0,0.4,0.3333333333333333,0.3636363636363636,0.3636363636363636,0.3636363636363636,902003,7171
[injuries],19,9,ILP_config,accident,a,20110511_165200,1,3,1,0,0.5,0.25,0.3333333333333333,0.3333333333333333,0.3333333333333333,902003,7171
[injuries],19,10,ILP_config,accident,a,20110511_165200,1,0,0,0,1.0,1.0,1.0,1.0,1.0,902003,7171
[injuries],19,1,Paum,accident,a,20110511_165200,3,2,1,0,0.75,0.6,0.6666666666666665,0.6666666666666665,0.6666666666666665,26311,2216
[injuries],19,2,Paum,accident,a,20110511_165200,0,0,0,0,1.0,1.0,1.0,1.0,1.0,26311,2216
[injuries],19,3,Paum,accident,a,20110511_165200,3,1,0,0,1.0,0.75,0.8571428571428571,0.8571428571428571,0.8571428571428571,26311,2216
[injuries],19,4,Paum,accident,a,20110511_165200,2,0,2,0,0.5,1.0,0.6666666666666666,0.6666666666666666,0.6666666666666666,26311,2216
[injuries],19,5,Paum,accident,a,20110511_165200,1,0,7,0,0.125,1.0,0.2222222222222222,0.2222222222222222,0.2222222222222222,26311,2216
[injuries],19,6,Paum,accident,a,20110511_165200,3,0,1,0,0.75,1.0,0.8571428571428571,0.8571428571428571,0.8571428571428571,26311,2216
[injuries],19,7,Paum,accident,a,20110511_165200,5,2,7,0,0.4166666666666667,0.7142857142857143,0.5263157894736842,0.5263157894736842,0.5263157894736842,26311,2216
[injuries],19,8,Paum,accident,a,20110511_165200,2,4,11,0,0.15384615384615385,0.3333333333333333,0.21052631578947367,0.21052631578947367,0.21052631578947367,26311,2216
[injuries],19,9,Paum,accident,a,20110511_165200,2,2,7,0,0.2222222222222222,0.5,0.30769230769230765,0.30769230769230765,0.30769230769230765,26311,2216
[injuries],19,10,Paum,accident,a,20110511_165200,1,0,4,0,0.2,1.0,0.33333333333333337,0.33333333333333337,0.33333333333333337,26311,2216
[injuries],20,1,Paum,accident,a,20110511_171110,0,0,0,0,1.0,1.0,1.0,1.0,1.0,27286,2270
[injuries],20,2,Paum,accident,a,20110511_171110,3,1,4,0,0.42857142857142855,0.75,0.5454545454545454,0.5454545454545454,0.5454545454545454,27286,2270
[injuries],20,3,Paum,accident,a,20110511_171110,1,0,3,0,0.25,1.0,0.4,0.4,0.4,27286,2270
[injuries],20,4,Paum,accident,a,20110511_171110,3,0,6,0,0.3333333333333333,1.0,0.5,0.5,0.5,27286,2270
[injuries],20,5,Paum,accident,a,20110511_171110,1,1,0,0,1.0,0.5,0.6666666666666666,0.6666666666666666,0.6666666666666666,27286,2270
[injuries],20,6,Paum,accident,a,20110511_171110,4,3,8,0,0.3333333333333333,0.5714285714285714,0.4210526315789474,0.4210526315789474,0.4210526315789474,27286,2270
[injuries],20,7,Paum,accident,a,20110511_171110,7,2,4,0,0.6363636363636364,0.7777777777777778,0.7000000000000001,0.7000000000000001,0.7000000000000001,27286,2270
[injuries],20,8,Paum,accident,a,20110511_171110,1,1,4,0,0.2,0.5,0.28571428571428575,0.28571428571428575,0.28571428571428575,27286,2270
[injuries],20,9,Paum,accident,a,20110511_171110,3,0,11,0,0.21428571428571427,1.0,0.35294117647058826,0.35294117647058826,0.35294117647058826,27286,2270
[injuries],20,10,Paum,accident,a,20110511_171110,2,0,2,0,0.5,1.0,0.6666666666666666,0.6666666666666666,0.6666666666666666,27286,2270
[injuries],20,1,ILP_config,accident,a,20110511_171110,0,0,0,0,1.0,1.0,1.0,1.0,1.0,928309,7249
[injuries],20,2,ILP_config,accident,a,20110511_171110,0,4,0,0,1.0,0.0,0.0,0.0,0.0,928309,7249
[injuries],20,3,ILP_config,accident,a,20110511_171110,1,0,0,0,1.0,1.0,1.0,1.0,1.0,928309,7249
[injuries],20,4,ILP_config,accident,a,20110511_171110,2,1,1,0,0.6666666666666666,0.6666666666666666,0.6666666666666666,0.6666666666666666,0.6666666666666666,928309,7249
[injuries],20,5,ILP_config,accident,a,20110511_171110,2,0,1,0,0.6666666666666666,1.0,0.8,0.8,0.8,928309,7249
[injuries],20,6,ILP_config,accident,a,20110511_171110,4,3,1,0,0.8,0.5714285714285714,0.6666666666666666,0.6666666666666666,0.6666666666666666,928309,7249
[injuries],20,7,ILP_config,accident,a,20110511_171110,2,7,0,0,1.0,0.2222222222222222,0.3636363636363636,0.3636363636363636,0.3636363636363636,928309,7249
[injuries],20,8,ILP_config,accident,a,20110511_171110,2,0,0,0,1.0,1.0,1.0,1.0,1.0,928309,7249
[injuries],20,9,ILP_config,accident,a,20110511_171110,1,2,1,0,0.5,0.3333333333333333,0.4,0.4,0.4,928309,7249
[injuries],20,10,ILP_config,accident,a,20110511_171110,0,2,2,0,0.0,0.0,0.0,0.0,0.0,928309,7249
[fatalities],21,1,Paum,accident,a,20110512_093104,0,4,1,0,0.0,0.0,0.0,0.0,0.0,21021,2049
[fatalities],21,2,Paum,accident,a,20110512_093104,0,0,2,0,0.0,1.0,0.0,0.0,0.0,21021,2049
[fatalities],21,3,Paum,accident,a,20110512_093104,0,0,1,0,0.0,1.0,0.0,0.0,0.0,21021,2049
[fatalities],21,4,Paum,accident,a,20110512_093104,0,0,1,0,0.0,1.0,0.0,0.0,0.0,21021,2049
[fatalities],21,5,Paum,accident,a,20110512_093104,0,0,1,0,0.0,1.0,0.0,0.0,0.0,21021,2049
[fatalities],21,6,Paum,accident,a,20110512_093104,0,1,2,0,0.0,0.0,0.0,0.0,0.0,21021,2049
[fatalities],21,7,Paum,accident,a,20110512_093104,1,0,4,0,0.2,1.0,0.33333333333333337,0.33333333333333337,0.33333333333333337,21021,2049
[fatalities],21,8,Paum,accident,a,20110512_093104,0,0,0,0,1.0,1.0,1.0,1.0,1.0,21021,2049
[fatalities],21,9,Paum,accident,a,20110512_093104,1,1,2,0,0.3333333333333333,0.5,0.4,0.4,0.4,21021,2049
[fatalities],21,10,Paum,accident,a,20110512_093104,0,3,0,0,1.0,0.0,0.0,0.0,0.0,21021,2049
[fatalities],21,1,ILP_config,accident,a,20110512_093104,0,4,0,0,1.0,0.0,0.0,0.0,0.0,386998,7275
[fatalities],21,2,ILP_config,accident,a,20110512_093104,0,0,0,0,1.0,1.0,1.0,1.0,1.0,386998,7275
[fatalities],21,3,ILP_config,accident,a,20110512_093104,0,0,0,0,1.0,1.0,1.0,1.0,1.0,386998,7275
[fatalities],21,4,ILP_config,accident,a,20110512_093104,0,0,0,0,1.0,1.0,1.0,1.0,1.0,386998,7275
[fatalities],21,5,ILP_config,accident,a,20110512_093104,0,0,1,0,0.0,1.0,0.0,0.0,0.0,386998,7275
[fatalities],21,6,ILP_config,accident,a,20110512_093104,0,1,0,0,1.0,0.0,0.0,0.0,0.0,386998,7275
[fatalities],21,7,ILP_config,accident,a,20110512_093104,0,1,1,0,0.0,0.0,0.0,0.0,0.0,386998,7275
[fatalities],21,8,ILP_config,accident,a,20110512_093104,0,0,0,0,1.0,1.0,1.0,1.0,1.0,386998,7275
[fatalities],21,9,ILP_config,accident,a,20110512_093104,0,2,0,0,1.0,0.0,0.0,0.0,0.0,386998,7275
[fatalities],21,10,ILP_config,accident,a,20110512_093104,0,3,0,0,1.0,0.0,0.0,0.0,0.0,386998,7275
[fatalities],22,1,Paum,accident,a,20110512_094110,1,2,1,0,0.5,0.3333333333333333,0.4,0.4,0.4,23743,2370
[fatalities],22,2,Paum,accident,a,20110512_094110,1,0,1,0,0.5,1.0,0.6666666666666666,0.6666666666666666,0.6666666666666666,23743,2370
[fatalities],22,3,Paum,accident,a,20110512_094110,1,0,3,0,0.25,1.0,0.4,0.4,0.4,23743,2370
[fatalities],22,4,Paum,accident,a,20110512_094110,0,2,0,0,1.0,0.0,0.0,0.0,0.0,23743,2370
[fatalities],22,5,Paum,accident,a,20110512_094110,1,0,3,0,0.25,1.0,0.4,0.4,0.4,23743,2370
[fatalities],22,6,Paum,accident,a,20110512_094110,0,1,1,0,0.0,0.0,0.0,0.0,0.0,23743,2370
[fatalities],22,7,Paum,accident,a,20110512_094110,0,0,1,0,0.0,1.0,0.0,0.0,0.0,23743,2370
[fatalities],22,8,Paum,accident,a,20110512_094110,0,0,4,0,0.0,1.0,0.0,0.0,0.0,23743,2370
[fatalities],22,9,Paum,accident,a,20110512_094110,0,0,0,0,1.0,1.0,1.0,1.0,1.0,23743,2370
[fatalities],22,10,Paum,accident,a,20110512_094110,0,2,1,0,0.0,0.0,0.0,0.0,0.0,23743,2370
[fatalities],22,1,ILP_config,accident,a,20110512_094110,1,2,0,0,1.0,0.3333333333333333,0.5,0.5,0.5,436426,7098
[fatalities],22,2,ILP_config,accident,a,20110512_094110,1,0,0,0,1.0,1.0,1.0,1.0,1.0,436426,7098
[fatalities],22,3,ILP_config,accident,a,20110512_094110,0,1,0,0,1.0,0.0,0.0,0.0,0.0,436426,7098
[fatalities],22,4,ILP_config,accident,a,20110512_094110,0,2,0,0,1.0,0.0,0.0,0.0,0.0,436426,7098
[fatalities],22,5,ILP_config,accident,a,20110512_094110,0,1,0,0,1.0,0.0,0.0,0.0,0.0,436426,7098
[fatalities],22,6,ILP_config,accident,a,20110512_094110,0,1,0,0,1.0,0.0,0.0,0.0,0.0,436426,7098
[fatalities],22,7,ILP_config,accident,a,20110512_094110,0,0,0,0,1.0,1.0,1.0,1.0,1.0,436426,7098
[fatalities],22,8,ILP_config,accident,a,20110512_094110,0,0,0,0,1.0,1.0,1.0,1.0,1.0,436426,7098
[fatalities],22,9,ILP_config,accident,a,20110512_094110,0,0,0,0,1.0,1.0,1.0,1.0,1.0,436426,7098
[fatalities],22,10,ILP_config,accident,a,20110512_094110,0,2,0,0,1.0,0.0,0.0,0.0,0.0,436426,7098
[fatalities],23,1,Paum,accident,a,20110512_095412,1,0,0,0,1.0,1.0,1.0,1.0,1.0,25225,2312
[fatalities],23,2,Paum,accident,a,20110512_095412,1,0,1,0,0.5,1.0,0.6666666666666666,0.6666666666666666,0.6666666666666666,25225,2312
[fatalities],23,3,Paum,accident,a,20110512_095412,0,2,1,0,0.0,0.0,0.0,0.0,0.0,25225,2312
[fatalities],23,4,Paum,accident,a,20110512_095412,0,1,1,0,0.0,0.0,0.0,0.0,0.0,25225,2312
[fatalities],23,5,Paum,accident,a,20110512_095412,1,1,1,0,0.5,0.5,0.5,0.5,0.5,25225,2312
[fatalities],23,6,Paum,accident,a,20110512_095412,0,0,3,0,0.0,1.0,0.0,0.0,0.0,25225,2312
[fatalities],23,7,Paum,accident,a,20110512_095412,0,0,1,0,0.0,1.0,0.0,0.0,0.0,25225,2312
[fatalities],23,8,Paum,accident,a,20110512_095412,0,1,1,0,0.0,0.0,0.0,0.0,0.0,25225,2312
[fatalities],23,9,Paum,accident,a,20110512_095412,1,0,4,0,0.2,1.0,0.33333333333333337,0.33333333333333337,0.33333333333333337,25225,2312
[fatalities],23,10,Paum,accident,a,20110512_095412,0,2,1,0,0.0,0.0,0.0,0.0,0.0,25225,2312
[fatalities],23,1,ILP_config,accident,a,20110512_095412,1,0,0,0,1.0,1.0,1.0,1.0,1.0,576001,7183
[fatalities],23,2,ILP_config,accident,a,20110512_095412,0,1,0,0,1.0,0.0,0.0,0.0,0.0,576001,7183
[fatalities],23,3,ILP_config,accident,a,20110512_095412,0,2,0,0,1.0,0.0,0.0,0.0,0.0,576001,7183
[fatalities],23,4,ILP_config,accident,a,20110512_095412,0,1,1,0,0.0,0.0,0.0,0.0,0.0,576001,7183
[fatalities],23,5,ILP_config,accident,a,20110512_095412,1,1,0,0,1.0,0.5,0.6666666666666666,0.6666666666666666,0.6666666666666666,576001,7183
[fatalities],23,6,ILP_config,accident,a,20110512_095412,0,0,0,0,1.0,1.0,1.0,1.0,1.0,576001,7183
[fatalities],23,7,ILP_config,accident,a,20110512_095412,0,0,0,0,1.0,1.0,1.0,1.0,1.0,576001,7183
[fatalities],23,8,ILP_config,accident,a,20110512_095412,0,1,0,0,1.0,0.0,0.0,0.0,0.0,576001,7183
[fatalities],23,9,ILP_config,accident,a,20110512_095412,0,1,0,0,1.0,0.0,0.0,0.0,0.0,576001,7183
[fatalities],23,10,ILP_config,accident,a,20110512_095412,0,2,0,0,1.0,0.0,0.0,0.0,0.0,576001,7183
[fatalities],24,1,Paum,accident,a,20110512_100547,0,0,2,0,0.0,1.0,0.0,0.0,0.0,26361,2292
[fatalities],24,2,Paum,accident,a,20110512_100547,1,1,2,0,0.3333333333333333,0.5,0.4,0.4,0.4,26361,2292
[fatalities],24,3,Paum,accident,a,20110512_100547,2,2,4,0,0.3333333333333333,0.5,0.4,0.4,0.4,26361,2292
[fatalities],24,4,Paum,accident,a,20110512_100547,0,0,0,0,1.0,1.0,1.0,1.0,1.0,26361,2292
[fatalities],24,5,Paum,accident,a,20110512_100547,0,0,0,0,1.0,1.0,1.0,1.0,1.0,26361,2292
[fatalities],24,6,Paum,accident,a,20110512_100547,0,0,2,0,0.0,1.0,0.0,0.0,0.0,26361,2292
[fatalities],24,7,Paum,accident,a,20110512_100547,0,1,1,0,0.0,0.0,0.0,0.0,0.0,26361,2292
[fatalities],24,8,Paum,accident,a,20110512_100547,0,1,1,0,0.0,0.0,0.0,0.0,0.0,26361,2292
[fatalities],24,9,Paum,accident,a,20110512_100547,0,0,1,0,0.0,1.0,0.0,0.0,0.0,26361,2292
[fatalities],24,10,Paum,accident,a,20110512_100547,3,0,4,0,0.42857142857142855,1.0,0.6,0.6,0.6,26361,2292
[fatalities],24,1,ILP_config,accident,a,20110512_100547,0,0,0,0,1.0,1.0,1.0,1.0,1.0,481710,7066
[fatalities],24,2,ILP_config,accident,a,20110512_100547,0,2,0,0,1.0,0.0,0.0,0.0,0.0,481710,7066
[fatalities],24,3,ILP_config,accident,a,20110512_100547,0,4,0,0,1.0,0.0,0.0,0.0,0.0,481710,7066
[fatalities],24,4,ILP_config,accident,a,20110512_100547,0,0,0,0,1.0,1.0,1.0,1.0,1.0,481710,7066
[fatalities],24,5,ILP_config,accident,a,20110512_100547,0,0,0,0,1.0,1.0,1.0,1.0,1.0,481710,7066
[fatalities],24,6,ILP_config,accident,a,20110512_100547,0,0,0,0,1.0,1.0,1.0,1.0,1.0,481710,7066
[fatalities],24,7,ILP_config,accident,a,20110512_100547,0,1,0,0,1.0,0.0,0.0,0.0,0.0,481710,7066
[fatalities],24,8,ILP_config,accident,a,20110512_100547,0,1,0,0,1.0,0.0,0.0,0.0,0.0,481710,7066
[fatalities],24,9,ILP_config,accident,a,20110512_100547,0,0,0,0,1.0,1.0,1.0,1.0,1.0,481710,7066
[fatalities],24,10,ILP_config,accident,a,20110512_100547,1,2,0,0,1.0,0.3333333333333333,0.5,0.5,0.5,481710,7066
[fatalities],25,1,ILP_config,accident,a,20110512_101747,1,2,0,0,1.0,0.3333333333333333,0.5,0.5,0.5,504102,7122
[fatalities],25,2,ILP_config,accident,a,20110512_101747,0,0,0,0,1.0,1.0,1.0,1.0,1.0,504102,7122
[fatalities],25,3,ILP_config,accident,a,20110512_101747,0,1,0,0,1.0,0.0,0.0,0.0,0.0,504102,7122
[fatalities],25,4,ILP_config,accident,a,20110512_101747,0,1,0,0,1.0,0.0,0.0,0.0,0.0,504102,7122
[fatalities],25,5,ILP_config,accident,a,20110512_101747,0,0,0,0,1.0,1.0,1.0,1.0,1.0,504102,7122
[fatalities],25,6,ILP_config,accident,a,20110512_101747,1,1,0,0,1.0,0.5,0.6666666666666666,0.6666666666666666,0.6666666666666666,504102,7122
[fatalities],25,7,ILP_config,accident,a,20110512_101747,0,1,0,0,1.0,0.0,0.0,0.0,0.0,504102,7122
[fatalities],25,8,ILP_config,accident,a,20110512_101747,0,0,0,0,1.0,1.0,1.0,1.0,1.0,504102,7122
[fatalities],25,9,ILP_config,accident,a,20110512_101747,0,2,0,0,1.0,0.0,0.0,0.0,0.0,504102,7122
[fatalities],25,10,ILP_config,accident,a,20110512_101747,0,1,0,0,1.0,0.0,0.0,0.0,0.0,504102,7122
[fatalities],25,1,Paum,accident,a,20110512_101747,1,2,1,0,0.5,0.3333333333333333,0.4,0.4,0.4,26857,2319
[fatalities],25,2,Paum,accident,a,20110512_101747,0,0,0,0,1.0,1.0,1.0,1.0,1.0,26857,2319
[fatalities],25,3,Paum,accident,a,20110512_101747,1,0,1,0,0.5,1.0,0.6666666666666666,0.6666666666666666,0.6666666666666666,26857,2319
[fatalities],25,4,Paum,accident,a,20110512_101747,1,0,4,0,0.2,1.0,0.33333333333333337,0.33333333333333337,0.33333333333333337,26857,2319
[fatalities],25,5,Paum,accident,a,20110512_101747,0,0,0,0,1.0,1.0,1.0,1.0,1.0,26857,2319
[fatalities],25,6,Paum,accident,a,20110512_101747,2,0,1,0,0.6666666666666666,1.0,0.8,0.8,0.8,26857,2319
[fatalities],25,7,Paum,accident,a,20110512_101747,0,1,0,0,1.0,0.0,0.0,0.0,0.0,26857,2319
[fatalities],25,8,Paum,accident,a,20110512_101747,0,0,2,0,0.0,1.0,0.0,0.0,0.0,26857,2319
[fatalities],25,9,Paum,accident,a,20110512_101747,0,2,0,0,1.0,0.0,0.0,0.0,0.0,26857,2319
[fatalities],25,10,Paum,accident,a,20110512_101747,1,0,5,0,0.16666666666666666,1.0,0.2857142857142857,0.2857142857142857,0.2857142857142857,26857,2319
[profesional_unit],26,1,ILP_config,accident,a,20110512_123008,4,4,5,0,0.4444444444444444,0.5,0.47058823529411764,0.47058823529411764,0.47058823529411764,1746426,7393
[profesional_unit],26,2,ILP_config,accident,a,20110512_123008,5,2,1,0,0.8333333333333334,0.7142857142857143,0.7692307692307692,0.7692307692307692,0.7692307692307692,1746426,7393
[profesional_unit],26,3,ILP_config,accident,a,20110512_123008,4,6,1,1,0.6666666666666666,0.36363636363636365,0.4705882352941177,0.5882352941176471,0.5294117647058824,1746426,7393
[profesional_unit],26,4,ILP_config,accident,a,20110512_123008,5,1,1,1,0.7142857142857143,0.7142857142857143,0.7142857142857143,0.8571428571428571,0.7857142857142857,1746426,7393
[profesional_unit],26,5,ILP_config,accident,a,20110512_123008,4,1,0,0,1.0,0.8,0.888888888888889,0.888888888888889,0.888888888888889,1746426,7393
[profesional_unit],26,6,ILP_config,accident,a,20110512_123008,6,1,0,0,1.0,0.8571428571428571,0.923076923076923,0.923076923076923,0.923076923076923,1746426,7393
[profesional_unit],26,7,ILP_config,accident,a,20110512_123008,6,0,1,1,0.75,0.8571428571428571,0.7999999999999999,0.9333333333333333,0.8666666666666667,1746426,7393
[profesional_unit],26,8,ILP_config,accident,a,20110512_123008,5,3,2,2,0.5555555555555556,0.5,0.5263157894736842,0.7368421052631577,0.631578947368421,1746426,7393
[profesional_unit],26,9,ILP_config,accident,a,20110512_123008,2,1,3,4,0.2222222222222222,0.2857142857142857,0.25,0.75,0.5,1746426,7393
[profesional_unit],26,10,ILP_config,accident,a,20110512_123008,4,3,1,2,0.5714285714285714,0.4444444444444444,0.5,0.75,0.625,1746426,7393
[profesional_unit],26,1,Paum,accident,a,20110512_123008,8,0,4,0,0.6666666666666666,1.0,0.8,0.8,0.8,21033,2298
[profesional_unit],26,2,Paum,accident,a,20110512_123008,7,0,7,0,0.5,1.0,0.6666666666666666,0.6666666666666666,0.6666666666666666,21033,2298
[profesional_unit],26,3,Paum,accident,a,20110512_123008,5,4,1,2,0.625,0.45454545454545453,0.5263157894736842,0.7368421052631579,0.631578947368421,21033,2298
[profesional_unit],26,4,Paum,accident,a,20110512_123008,5,1,2,1,0.625,0.7142857142857143,0.6666666666666666,0.7999999999999999,0.7333333333333333,21033,2298
[profesional_unit],26,5,Paum,accident,a,20110512_123008,5,0,1,0,0.8333333333333334,1.0,0.9090909090909091,0.9090909090909091,0.9090909090909091,21033,2298
[profesional_unit],26,6,Paum,accident,a,20110512_123008,7,0,1,0,0.875,1.0,0.9333333333333333,0.9333333333333333,0.9333333333333333,21033,2298
[profesional_unit],26,7,Paum,accident,a,20110512_123008,7,0,3,0,0.7,1.0,0.8235294117647058,0.8235294117647058,0.8235294117647058,21033,2298
[profesional_unit],26,8,Paum,accident,a,20110512_123008,6,4,2,0,0.75,0.6,0.6666666666666665,0.6666666666666665,0.6666666666666665,21033,2298
[profesional_unit],26,9,Paum,accident,a,20110512_123008,6,0,2,1,0.6666666666666666,0.8571428571428571,0.75,0.8750000000000001,0.8125,21033,2298
[profesional_unit],26,10,Paum,accident,a,20110512_123008,7,0,4,2,0.5384615384615384,0.7777777777777778,0.6363636363636364,0.8181818181818181,0.7272727272727273,21033,2298
[profesional_unit],27,1,Paum,accident,a,20110512_125913,6,1,6,3,0.4,0.6,0.48,0.7200000000000001,0.6000000000000001,23634,2287
[profesional_unit],27,2,Paum,accident,a,20110512_125913,7,0,1,1,0.7777777777777778,0.875,0.823529411764706,0.9411764705882353,0.8823529411764706,23634,2287
[profesional_unit],27,3,Paum,accident,a,20110512_125913,4,6,4,0,0.5,0.4,0.4444444444444445,0.4444444444444445,0.4444444444444445,23634,2287
[profesional_unit],27,4,Paum,accident,a,20110512_125913,6,1,0,0,1.0,0.8571428571428571,0.923076923076923,0.923076923076923,0.923076923076923,23634,2287
[profesional_unit],27,5,Paum,accident,a,20110512_125913,4,0,1,0,0.8,1.0,0.888888888888889,0.888888888888889,0.888888888888889,23634,2287
[profesional_unit],27,6,Paum,accident,a,20110512_125913,5,0,4,0,0.5555555555555556,1.0,0.7142857142857143,0.7142857142857143,0.7142857142857143,23634,2287
[profesional_unit],27,7,Paum,accident,a,20110512_125913,7,0,3,3,0.5384615384615384,0.7,0.608695652173913,0.8695652173913044,0.7391304347826086,23634,2287
[profesional_unit],27,8,Paum,accident,a,20110512_125913,7,0,3,0,0.7,1.0,0.8235294117647058,0.8235294117647058,0.8235294117647058,23634,2287
[profesional_unit],27,9,Paum,accident,a,20110512_125913,9,1,6,0,0.6,0.9,0.7200000000000001,0.7200000000000001,0.7200000000000001,23634,2287
[profesional_unit],27,10,Paum,accident,a,20110512_125913,7,0,5,0,0.5833333333333334,1.0,0.7368421052631579,0.7368421052631579,0.7368421052631579,23634,2287
[profesional_unit],27,1,ILP_config,accident,a,20110512_125913,5,4,2,1,0.625,0.5,0.5555555555555556,0.6666666666666665,0.611111111111111,1579433,7156
[profesional_unit],27,2,ILP_config,accident,a,20110512_125913,5,2,2,1,0.625,0.625,0.625,0.75,0.6875,1579433,7156
[profesional_unit],27,3,ILP_config,accident,a,20110512_125913,5,4,3,1,0.5555555555555556,0.5,0.5263157894736842,0.631578947368421,0.5789473684210527,1579433,7156
[profesional_unit],27,4,ILP_config,accident,a,20110512_125913,4,3,1,0,0.8,0.5714285714285714,0.6666666666666666,0.6666666666666666,0.6666666666666666,1579433,7156
[profesional_unit],27,5,ILP_config,accident,a,20110512_125913,2,2,0,0,1.0,0.5,0.6666666666666666,0.6666666666666666,0.6666666666666666,1579433,7156
[profesional_unit],27,6,ILP_config,accident,a,20110512_125913,3,1,1,1,0.6,0.6,0.6,0.8000000000000002,0.7000000000000001,1579433,7156
[profesional_unit],27,7,ILP_config,accident,a,20110512_125913,6,1,1,3,0.6,0.6,0.6,0.9,0.75,1579433,7156
[profesional_unit],27,8,ILP_config,accident,a,20110512_125913,5,1,2,1,0.625,0.7142857142857143,0.6666666666666666,0.7999999999999999,0.7333333333333333,1579433,7156
[profesional_unit],27,9,ILP_config,accident,a,20110512_125913,5,5,6,0,0.45454545454545453,0.5,0.47619047619047616,0.47619047619047616,0.47619047619047616,1579433,7156
[profesional_unit],27,10,ILP_config,accident,a,20110512_125913,4,3,0,0,1.0,0.5714285714285714,0.7272727272727273,0.7272727272727273,0.7272727272727273,1579433,7156
[profesional_unit],28,1,Paum,accident,a,20110512_132857,7,0,0,0,1.0,1.0,1.0,1.0,1.0,25163,2304
[profesional_unit],28,2,Paum,accident,a,20110512_132857,5,1,2,0,0.7142857142857143,0.8333333333333334,0.7692307692307692,0.7692307692307692,0.7692307692307692,25163,2304
[profesional_unit],28,3,Paum,accident,a,20110512_132857,7,0,2,1,0.7,0.875,0.7777777777777777,0.888888888888889,0.8333333333333333,25163,2304
[profesional_unit],28,4,Paum,accident,a,20110512_132857,7,1,6,0,0.5384615384615384,0.875,0.6666666666666667,0.6666666666666667,0.6666666666666667,25163,2304
[profesional_unit],28,5,Paum,accident,a,20110512_132857,8,2,3,0,0.7272727272727273,0.8,0.761904761904762,0.761904761904762,0.761904761904762,25163,2304
[profesional_unit],28,6,Paum,accident,a,20110512_132857,9,1,2,0,0.8181818181818182,0.9,0.8571428571428572,0.8571428571428572,0.8571428571428572,25163,2304
[profesional_unit],28,7,Paum,accident,a,20110512_132857,4,4,4,1,0.4444444444444444,0.4444444444444444,0.4444444444444444,0.5555555555555556,0.5,25163,2304
[profesional_unit],28,8,Paum,accident,a,20110512_132857,5,0,1,0,0.8333333333333334,1.0,0.9090909090909091,0.9090909090909091,0.9090909090909091,25163,2304
[profesional_unit],28,9,Paum,accident,a,20110512_132857,2,1,0,2,0.5,0.4,0.4444444444444445,0.888888888888889,0.6666666666666667,25163,2304
[profesional_unit],28,10,Paum,accident,a,20110512_132857,8,0,4,2,0.5714285714285714,0.8,0.6666666666666666,0.8333333333333333,0.75,25163,2304
[profesional_unit],28,1,ILP_config,accident,a,20110512_132857,6,1,1,0,0.8571428571428571,0.8571428571428571,0.8571428571428571,0.8571428571428571,0.8571428571428571,1578843,7172
[profesional_unit],28,2,ILP_config,accident,a,20110512_132857,4,1,2,1,0.5714285714285714,0.6666666666666666,0.6153846153846153,0.7692307692307692,0.6923076923076923,1578843,7172
[profesional_unit],28,3,ILP_config,accident,a,20110512_132857,4,2,1,2,0.5714285714285714,0.5,0.5333333333333333,0.7999999999999999,0.6666666666666666,1578843,7172
[profesional_unit],28,4,ILP_config,accident,a,20110512_132857,5,2,2,1,0.625,0.625,0.625,0.75,0.6875,1578843,7172
[profesional_unit],28,5,ILP_config,accident,a,20110512_132857,8,2,2,0,0.8,0.8,0.8000000000000002,0.8000000000000002,0.8000000000000002,1578843,7172
[profesional_unit],28,6,ILP_config,accident,a,20110512_132857,8,2,0,0,1.0,0.8,0.888888888888889,0.888888888888889,0.888888888888889,1578843,7172
[profesional_unit],28,7,ILP_config,accident,a,20110512_132857,4,5,1,0,0.8,0.4444444444444444,0.5714285714285714,0.5714285714285714,0.5714285714285714,1578843,7172
[profesional_unit],28,8,ILP_config,accident,a,20110512_132857,3,2,0,0,1.0,0.6,0.7499999999999999,0.7499999999999999,0.7499999999999999,1578843,7172
[profesional_unit],28,9,ILP_config,accident,a,20110512_132857,1,3,1,1,0.3333333333333333,0.2,0.25,0.5,0.375,1578843,7172
[profesional_unit],28,10,ILP_config,accident,a,20110512_132857,7,2,0,1,0.875,0.7,0.7777777777777777,0.888888888888889,0.8333333333333333,1578843,7172
[profesional_unit],29,1,Paum,accident,a,20110512_135738,6,4,4,0,0.6,0.6,0.6,0.6,0.6,26005,2295
[profesional_unit],29,2,Paum,accident,a,20110512_135738,6,0,0,1,0.8571428571428571,0.8571428571428571,0.8571428571428571,1.0,0.9285714285714286,26005,2295
[profesional_unit],29,3,Paum,accident,a,20110512_135738,7,0,2,1,0.7,0.875,0.7777777777777777,0.888888888888889,0.8333333333333333,26005,2295
[profesional_unit],29,4,Paum,accident,a,20110512_135738,9,2,2,0,0.8181818181818182,0.8181818181818182,0.8181818181818182,0.8181818181818182,0.8181818181818182,26005,2295
[profesional_unit],29,5,Paum,accident,a,20110512_135738,4,0,3,0,0.5714285714285714,1.0,0.7272727272727273,0.7272727272727273,0.7272727272727273,26005,2295
[profesional_unit],29,6,Paum,accident,a,20110512_135738,4,1,1,0,0.8,0.8,0.8000000000000002,0.8000000000000002,0.8000000000000002,26005,2295
[profesional_unit],29,7,Paum,accident,a,20110512_135738,8,1,3,1,0.6666666666666666,0.8,0.7272727272727272,0.8181818181818182,0.7727272727272727,26005,2295
[profesional_unit],29,8,Paum,accident,a,20110512_135738,5,1,2,2,0.5555555555555556,0.625,0.5882352941176471,0.823529411764706,0.7058823529411765,26005,2295
[profesional_unit],29,9,Paum,accident,a,20110512_135738,6,0,2,1,0.6666666666666666,0.8571428571428571,0.75,0.8750000000000001,0.8125,26005,2295
[profesional_unit],29,10,Paum,accident,a,20110512_135738,7,1,1,0,0.875,0.875,0.875,0.875,0.875,26005,2295
[profesional_unit],29,1,ILP_config,accident,a,20110512_135738,7,2,1,1,0.7777777777777778,0.7,0.7368421052631577,0.8421052631578948,0.7894736842105263,1503438,7120
[profesional_unit],29,2,ILP_config,accident,a,20110512_135738,5,1,2,1,0.625,0.7142857142857143,0.6666666666666666,0.7999999999999999,0.7333333333333333,1503438,7120
[profesional_unit],29,3,ILP_config,accident,a,20110512_135738,6,1,0,1,0.8571428571428571,0.75,0.7999999999999999,0.9333333333333333,0.8666666666666667,1503438,7120
[profesional_unit],29,4,ILP_config,accident,a,20110512_135738,7,3,2,1,0.7,0.6363636363636364,0.6666666666666666,0.761904761904762,0.7142857142857143,1503438,7120
[profesional_unit],29,5,ILP_config,accident,a,20110512_135738,3,1,0,0,1.0,0.75,0.8571428571428571,0.8571428571428571,0.8571428571428571,1503438,7120
[profesional_unit],29,6,ILP_config,accident,a,20110512_135738,4,1,2,0,0.6666666666666666,0.8,0.7272727272727272,0.7272727272727272,0.7272727272727272,1503438,7120
[profesional_unit],29,7,ILP_config,accident,a,20110512_135738,6,4,1,0,0.8571428571428571,0.6,0.7058823529411764,0.7058823529411764,0.7058823529411764,1503438,7120
[profesional_unit],29,8,ILP_config,accident,a,20110512_135738,2,5,1,1,0.5,0.25,0.3333333333333333,0.5,0.41666666666666663,1503438,7120
[profesional_unit],29,9,ILP_config,accident,a,20110512_135738,3,3,0,1,0.75,0.42857142857142855,0.5454545454545454,0.7272727272727273,0.6363636363636364,1503438,7120
[profesional_unit],29,10,ILP_config,accident,a,20110512_135738,6,2,2,0,0.75,0.75,0.75,0.75,0.75,1503438,7120
[profesional_unit],30,1,Paum,accident,a,20110512_142904,8,0,4,1,0.6153846153846154,0.8888888888888888,0.7272727272727274,0.8181818181818181,0.7727272727272727,26716,2303
[profesional_unit],30,2,Paum,accident,a,20110512_142904,5,2,2,1,0.625,0.625,0.625,0.75,0.6875,26716,2303
[profesional_unit],30,3,Paum,accident,a,20110512_142904,6,1,5,0,0.5454545454545454,0.8571428571428571,0.6666666666666665,0.6666666666666665,0.6666666666666665,26716,2303
[profesional_unit],30,4,Paum,accident,a,20110512_142904,6,0,2,0,0.75,1.0,0.8571428571428571,0.8571428571428571,0.8571428571428571,26716,2303
[profesional_unit],30,5,Paum,accident,a,20110512_142904,4,1,4,0,0.5,0.8,0.6153846153846154,0.6153846153846154,0.6153846153846154,26716,2303
[profesional_unit],30,6,Paum,accident,a,20110512_142904,8,0,0,1,0.8888888888888888,0.8888888888888888,0.8888888888888888,1.0,0.9444444444444444,26716,2303
[profesional_unit],30,7,Paum,accident,a,20110512_142904,6,1,1,0,0.8571428571428571,0.8571428571428571,0.8571428571428571,0.8571428571428571,0.8571428571428571,26716,2303
[profesional_unit],30,8,Paum,accident,a,20110512_142904,5,3,3,2,0.5,0.5,0.5,0.7,0.6,26716,2303
[profesional_unit],30,9,Paum,accident,a,20110512_142904,6,0,4,1,0.5454545454545454,0.8571428571428571,0.6666666666666665,0.7777777777777778,0.7222222222222221,26716,2303
[profesional_unit],30,10,Paum,accident,a,20110512_142904,6,4,1,0,0.8571428571428571,0.6,0.7058823529411764,0.7058823529411764,0.7058823529411764,26716,2303
[profesional_unit],30,1,ILP_config,accident,a,20110512_142904,6,1,1,2,0.6666666666666666,0.6666666666666666,0.6666666666666666,0.8888888888888888,0.7777777777777777,1670066,7122
[profesional_unit],30,2,ILP_config,accident,a,20110512_142904,3,5,0,0,1.0,0.375,0.5454545454545454,0.5454545454545454,0.5454545454545454,1670066,7122
[profesional_unit],30,3,ILP_config,accident,a,20110512_142904,4,2,2,1,0.5714285714285714,0.5714285714285714,0.5714285714285714,0.7142857142857143,0.6428571428571428,1670066,7122
[profesional_unit],30,4,ILP_config,accident,a,20110512_142904,4,2,1,0,0.8,0.6666666666666666,0.7272727272727272,0.7272727272727272,0.7272727272727272,1670066,7122
[profesional_unit],30,5,ILP_config,accident,a,20110512_142904,4,1,0,0,1.0,0.8,0.888888888888889,0.888888888888889,0.888888888888889,1670066,7122
[profesional_unit],30,6,ILP_config,accident,a,20110512_142904,8,0,1,1,0.8,0.8888888888888888,0.8421052631578948,0.9473684210526316,0.8947368421052633,1670066,7122
[profesional_unit],30,7,ILP_config,accident,a,20110512_142904,4,3,2,0,0.6666666666666666,0.5714285714285714,0.6153846153846153,0.6153846153846153,0.6153846153846153,1670066,7122
[profesional_unit],30,8,ILP_config,accident,a,20110512_142904,5,3,2,2,0.5555555555555556,0.5,0.5263157894736842,0.7368421052631577,0.631578947368421,1670066,7122
[profesional_unit],30,9,ILP_config,accident,a,20110512_142904,5,0,2,2,0.5555555555555556,0.7142857142857143,0.6250000000000001,0.8750000000000001,0.7500000000000001,1670066,7122
[profesional_unit],30,10,ILP_config,accident,a,20110512_142904,7,3,4,0,0.6363636363636364,0.7,0.6666666666666666,0.6666666666666666,0.6666666666666666,1670066,7122
